sample,arm,case_id,title,model_coverage,source_ids,applicable,already_covered,executable,new_problem_observed,maintainer_adopted,effective_after_adoption,review_minutes,evidence_or_reason
Textualize--rich,A,TC001,直接打印混合宽度长文本时不丢失折行边界字符,partial,,,,,,,,,
Textualize--rich,A,TC002,词能放入完整新行时整体换行，不占用当前行剩余空间折叠,partial,,,,,,,,,
Textualize--rich,A,TC003,折行位置落在双宽字符内部时保留全部字符,covered,,,,,,,,,
Textualize--rich,A,TC004,当前行放不下且整行仍容不下的长词先换行再折叠,covered,,,,,,,,,
Textualize--rich,B,TC001,CJK 词容不下当前行但能放入完整新行时保持整词,partial,,,,,,,,,
Textualize--rich,B,TC002,已有前置词时连续 CJK 长词跨多个奇数宽度行,partial,,,,,,,,,
Textualize--rich,B,TC003,折行边界落在双宽字符内部时保留全部字符,covered,,,,,,,,,
Textualize--rich,B,TC004,单宽前缀与连续 CJK 混排折叠后输出完整,covered,,,,,,,,,
Textualize--rich,B,TC005,当前行空间不足且完整新行也容不下长词,covered,,,,,,,,,
pallets--click,A,TC001,首段仅含 no rewrap 标记时返回空字符串,not_found,,,,,,,,,
pallets--click,A,TC002,句内 e.g. 的多个句点不得导致提前截断,partial,,,,,,,,,
pallets--click,A,TC003,句内 vs. 后保留完整的小写后续词,covered,,,,,,,,,
pallets--click,A,TC004,缩写不结束句子，但超长文本仍按长度缩短,covered,,,,,,,,,
pallets--click,B,TC001,e.g. 的多个句点不导致提前截断,partial,,,,,,,,,
pallets--click,B,TC002,空内容及仅含 no-rewrap 标记时返回空摘要,partial,,,,,,,,,
pallets--click,B,TC003,vs. 后的小写词继续保留，超长时按宽度缩短,covered,,,,,,,,,
pallets--click,B,TC004,句点在文本末尾或后接大写词、数字时结束摘要,covered,,,,,,,,,
pallets--click,B,TC005,不可拆分词及极窄宽度遵循补丁定义的返回行为,covered,,,,,,,,,
fastapi--typer,A,TC001,必填列表位置参数缺失时仍报告用法错误,not_found,,,,,,,,,
fastapi--typer,A,TC002,声明 envvar 的列表参数在环境变量缺失和有值时分别解析,partial,,,,,,,,,
fastapi--typer,A,TC003,未声明环境变量且省略列表位置参数时使用默认值,covered,,,,,,,,,
fastapi--typer,A,TC004,省略列表选项时使用默认值,covered,,,,,,,,,
fastapi--typer,A,TC005,提供非空列表位置参数时不混入默认值,covered,,,,,,,,,
fastapi--typer,B,TC001,显式空字符串元素不被当作未提供列表,not_found,4560755924,,,,,,,,
fastapi--typer,B,TC002,声明 envvar 后分别验证变量缺失回退和变量存在解析,partial,,,,,,,,,
fastapi--typer,B,TC003,未提供位置参数且未配置环境变量时使用默认列表,covered,4560755924,,,,,,,,
fastapi--typer,B,TC004,未提供列表选项时使用默认列表,covered,,,,,,,,,
fastapi--typer,B,TC005,显式列表值保持原有替换默认值行为,covered,,,,,,,,,
theskumar--python-dotenv,A,TC001,带引号的空值仍按空字符串成功返回,not_found,,,,,,,,,
theskumar--python-dotenv,A,TC002,可读取的非空文件中缺失目标键时返回退出码 1,partial,,,,,,,,,
theskumar--python-dotenv,A,TC003,未加引号的空值返回成功并输出一个空白行,covered,,,,,,,,,
theskumar--python-dotenv,A,TC004,存在但没有等号和值的裸键返回退出码 1,covered,,,,,,,,,
theskumar--python-dotenv,A,TC005,普通非空值继续原样输出并成功退出,covered,,,,,,,,,
theskumar--python-dotenv,B,TC001,引号包裹的空值仍按空字符串成功返回,partial,,,,,,,,,
theskumar--python-dotenv,B,TC002,文件可读但目标键不存在时继续失败,partial,,,,,,,,,
theskumar--python-dotenv,B,TC003,未加引号的空值输出一个空白行并成功退出,covered,,,,,,,,,
theskumar--python-dotenv,B,TC004,无等号的裸键继续返回退出码 1,covered,,,,,,,,,
theskumar--python-dotenv,B,TC005,普通非空值仍原样输出并成功退出,covered,,,,,,,,,
tox-dev--platformdirs,A,TC001,属性改为 property 后仍保留公开名称和属性说明,not_found,,,,,,,,,
tox-dev--platformdirs,A,TC002,vars 使用三个私有存储名称且与公开属性保持一致,not_found,,,,,,,,,
tox-dev--platformdirs,A,TC003,越界赋值立即失败，保留原值且不创建基础目录外的目录,partial,,,,,,,,,
tox-dev--platformdirs,A,TC004,三字段允许 None，Windows 保留 appauthor=False 的省略行为,partial,,,,,,,,,
tox-dev--platformdirs,A,TC005,构造与后续赋值对相同非法值给出相同 ValueError,covered,,,,,,,,,
tox-dev--platformdirs,B,TC001,vars 使用私有存储名称，并与公开属性保持一致,not_found,,,,,,,,,
tox-dev--platformdirs,B,TC002,非法赋值失败后读取目录，不在基础目录外创建目录,partial,4536421142,,,,,,,,
tox-dev--platformdirs,B,TC003,公开属性允许 None，Windows 保留作者目录禁用行为,partial,,,,,,,,,
tox-dev--platformdirs,B,TC004,三个公开属性在赋值时拒绝越界路径,covered,,,,,,,,,
tox-dev--platformdirs,B,TC005,构造与后续赋值对同一非法值返回相同错误,covered,,,,,,,,,
tox-dev--filelock,A,TC001,实例默认值及调用覆盖值进入相同校验路径,not_found,,,,,,,,,
tox-dev--filelock,A,TC002,多层持锁中的非法调用既不增加深度，也不提前释放,partial,,,,,,,,,
tox-dev--filelock,A,TC003,-1 在真实竞争下等待释放，并保留合法重入,partial,,,,,,,,,
tox-dev--filelock,A,TC004,负超时不改变非阻塞成功及竞争失败行为,partial,,,,,,,,,
tox-dev--filelock,A,TC005,两种锁的读写获取拒绝非法负阻塞超时,covered,,,,,,,,,
tox-dev--filelock,B,TC001,重入校验采用实例默认值并尊重调用级覆盖,not_found,,,,,,,,,
tox-dev--filelock,B,TC002,非法重入调用保持原有多层锁深度及持锁状态,partial,,,,,,,,,
tox-dev--filelock,B,TC003,-1 在真实竞争下等待释放并成功获取,partial,,,,,,,,,
tox-dev--filelock,B,TC004,非阻塞模式忽略负超时并在竞争时返回 Timeout,partial,,,,,,,,,
tox-dev--filelock,B,TC005,首次与同模式重入获取拒绝非法负阻塞超时,covered,,,,,,,,,
pypa--packaging,A,TC001,Specifier 不把操作符后的纯空白当作任意版本,partial,,,,,,,,,
pypa--packaging,A,TC002,SpecifierSet 拒绝集合任意位置的空任意版本,partial,,,,,,,,,
pypa--packaging,A,TC003,收紧非空规则后仍接受非空任意版本和合法混合约束,partial,,,,,,,,,
pypa--packaging,A,TC004,Requirement 拒绝裸空任意版本及被语法分隔符包围的空版本,covered,,,,,,,,,
pypa--packaging,B,TC001,Specifier 拒绝缺失版本，空白不能充当版本,partial,,,,,,,,,
pypa--packaging,B,TC002,SpecifierSet 不得忽略混合约束中的空任意版本,partial,,,,,,,,,
pypa--packaging,B,TC003,非空任意版本仍可解析，三个入口保持一致,partial,,,,,,,,,
pypa--packaging,B,TC004,Requirement 拒绝空任意版本及其语法包装,covered,,,,,,,,,
cpburnz--python-pathspec,A,TC001,bytes 模式经共享裁剪逻辑后保持返回类型及匹配语义,not_found,,,,,,,,,
cpburnz--python-pathspec,A,TC002,裁剪尾随空格时不删除前导空格,not_found,,,,,,,,,
cpburnz--python-pathspec,A,TC003,PathSpec 在明确选择的后端上保持奇偶匹配契约,partial,,,,,,,,,
cpburnz--python-pathspec,A,TC004,偶数反斜杠后的单个尾随空格被裁剪,covered,,,,,,,,,
cpburnz--python-pathspec,A,TC005,奇数反斜杠后的转义尾随空格继续保留,covered,,,,,,,,,
cpburnz--python-pathspec,B,TC001,bytes 模式经解码和重新编码后保持奇偶语义,not_found,,,,,,,,,
cpburnz--python-pathspec,B,TC002,PathSpec 的显式后端保持奇偶裁剪结果一致,partial,,,,,,,,,
cpburnz--python-pathspec,B,TC003,偶数反斜杠后的单个尾随空格被裁剪,covered,,,,,,,,,
cpburnz--python-pathspec,B,TC004,奇数反斜杠继续保留转义的单个尾随空格,covered,,,,,,,,,
tqdm--tqdm,A,TC001,未知长度输入不覆盖调用者显式提供的 total,not_found,,,,,,,,,
tqdm--tqdm,A,TC002,长度未知且实际为空的生成器正常返回空列表,partial,,,,,,,,,
tqdm--tqdm,A,TC003,多个长度未知且实际长度不同的生成器按最短输入映射,partial,,,,,,,,,
tqdm--tqdm,A,TC004,混合已知与未知长度时保留已知长度推导,partial,,,,,,,,,
tqdm--tqdm,A,TC005,单个非空裸生成器在三种并发映射中正常完成,covered,,,,,,,,,
tqdm--tqdm,B,TC001,未知长度回退不吞掉工作函数异常,not_found,5065463834,,,,,,,,
tqdm--tqdm,B,TC002,单个非空生成器映射成功并采用未知总量,partial,,,,,,,,,
tqdm--tqdm,B,TC003,多个输入均无长度且元素数不等,partial,,,,,,,,,
tqdm--tqdm,B,TC004,空生成器仍走未知总量回退,partial,,,,,,,,,
tqdm--tqdm,B,TC005,混合已知与未知长度时保留已知长度估算,partial,,,,,,,,,
python-humanize--humanize,A,TC001,非零数字密集的大整数逐位保留,not_found,,,,,,,,,
python-humanize--humanize,A,TC002,显式 ndigits=None 与省略参数一致,partial,,,,,,,,,
python-humanize--humanize,A,TC003,超出浮点范围的正负整数完整分组,covered,,,,,,,,,
python-humanize--humanize,A,TC004,非整数非有限值仍保持原输出契约,covered,,,,,,,,,
python-humanize--humanize,B,TC001,显式 ndigits=None 与省略参数保持一致,partial,,,,,,,,,
python-humanize--humanize,B,TC002,密集数字的相邻超大整数保持不同且逐位准确,partial,3213333611,,,,,,,,
python-humanize--humanize,B,TC003,超出浮点范围的正负整数完整输出,covered,,,,,,,,,
python-humanize--humanize,B,TC004,非整数的非有限浮点值继续使用原有输出契约,covered,,,,,,,,,
